seed,sample,ranking_score
1234,0,0.8220748030884676
1234,1,0.8285535150342124
1234,2,0.8310489893875114
1234,3,0.8195797077092493
1234,4,0.829263918982192
