seed,sample,ranking_score
1234,0,0.5482477718917907
1234,1,0.5969947302990377
1234,2,0.5337157372436628
1234,3,0.5788126476846502
1234,4,0.5532676738313358
