seed,sample,ranking_score
1234,0,0.3259270887001579
1234,1,0.3304547449576947
1234,2,0.3849882379072063
1234,3,0.3698127080141585
1234,4,0.4399795358919805
