seed,sample,ranking_score
1234,0,0.4253215749632308
1234,1,0.3988592274552657
1234,2,0.4129718305737224
1234,3,0.4507311418747899
1234,4,0.41698703290254907
