seed,sample,ranking_score
1234,0,0.5787356068720049
1234,1,0.5739524478924154
1234,2,0.5996137255652725
1234,3,0.6011943463716507
1234,4,0.5789573077640403
