seed,sample,ranking_score
1,0,1.0086878860806578
1,1,1.0056084610332112
1,2,1.0072052940967375
1,3,0.9993654172251248
1,4,1.0022735038841473
