seed,sample,ranking_score
1234,0,0.3914032716411237
1234,1,0.41451545035891957
1234,2,0.3864984668498983
1234,3,0.4082945363905297
1234,4,0.41181000209246216
