seed,sample,ranking_score
1,0,1.009097559208595
1,1,1.0055933375624897
1,2,1.007674651283864
1,3,1.0018235385224274
1,4,1.0025814002526965
