seed,sample,ranking_score
1234,0,0.7420752768108977
1234,1,0.6970103773848302
1234,2,0.684887673723883
1234,3,0.6929727547269906
1234,4,0.611184266605419
