seed,sample,ranking_score
1234,0,0.7339258413581479
1234,1,0.720230641462035
1234,2,0.7514547666097916
1234,3,0.770925647436627
1234,4,0.7357711231787418
