seed,sample,ranking_score
1234,0,0.236587528728947
1234,1,0.25025225688839703
1234,2,0.2272946797814871
1234,3,0.2502669469807163
1234,4,0.23209064905200558
