seed,sample,ranking_score
1234,0,0.36830175512920776
1234,1,0.35225275602019157
1234,2,0.3448019872411569
1234,3,0.3663413580439514
1234,4,0.3805411118775615
